sample,method,mean_ic,std_ic,mean_ir,std_ir,mean_spread_ann,std_spread_ann,mean_spread_sharpe,std_spread_sharpe
中证1000,rolling,-0.05244217632955105,0.005699868029651122,-0.3396857302806509,0.031585940014578116,0.1582215509264612,0.1561423628346098,0.8854844064452538,0.846664889087767
中证1000,static,-0.05190593573267236,0.006558953348747159,-0.3347742018385002,0.031978365966166086,0.19204987153714,0.14974633808155738,0.9810072141772892,0.753197972818621
中证800,rolling,-0.032940241453946896,0.01048106344961319,-0.18379930897731292,0.05480520962467578,-0.1096940394286768,0.09648770750603652,-0.3659478452204044,0.4038694321493938
中证800,static,-0.032249938244110744,0.010473656985137669,-0.18092187543439706,0.05826560674495909,-0.10120794230761461,0.10256904403929216,-0.3118192182955228,0.42647320173499603
全市场,rolling,-0.06259606212280823,0.004375948836158499,-0.4900097888401698,0.04561305575179029,0.4709046446349964,0.18111014447276402,2.3482863348536633,1.217940991327515
全市场,static,-0.06234788830149474,0.005149934830171971,-0.48484881186506695,0.03539930026808393,0.5054797282512081,0.22600406961173036,2.3985201230110538,1.2844284975793947
