aligned_rows,pearson,spearman,daily_pearson_mean,daily_spearman_mean
9020548,0.9927408350924981,0.9871583497215404,0.9921345961048689,0.9855990412070982
